date,well_000,well_002,well_004,well_005,well_008,well_010,well_013,well_015,well_021,well_022,well_023,well_024,well_031,well_032,well_038,well_039,well_041,well_044,well_048,well_050,well_053,well_059,well_060
1980-01-01,240.69,,,,214.99,,222.53,,219.82,,220.84,,,,,,,,220.8,183.93,222.39,221.61,
1980-02-01,,,,,,,,,,,,,,,,,,,,,,,
1980-03-01,,,,,,,,,,,,,,,,,,,,,,,
1980-04-01,239.92,,,,214.86,,222.05,,219.4,,220.68,,,,,,,,220.29,183.93,221.85,221.05,
1980-05-01,,,,,,,,,,,,,,,,,,,,,,,
1980-06-01,239.81,,,,219.5,,217.86,,219.19,,217.21,,,,,,,,,189.86,221.54,,
1980-07-01,,,,,,,,,,,,,,,,,,,,,,,
1980-08-01,242.38,,,,215.42000000000002,,223.47,,220.63,,221.65,,,,,,,,220.67,192.48,223.24,221.89,
1980-09-01,,,,,,,,,,,,,,,,,,,,,,,
1980-10-01,,,,,,,,,,,,,,,,,,,,,,,
1980-11-01,242.02,,,,214.5,,223.69,,219.35,,220.16,,,,,,,,220.65,192.1,222.71,222.19,
1980-12-01,,,,,,,,,,,,,,,,,,,,,,,
1981-01-01,241.57,,,,214.85,,222.75,,219.54,,220.01,,,,,,,,220.44,,223.85,221.25,
1981-02-01,,,,,,,,,,,,,,,,,,,,,,,
1981-03-01,,,,,,,,,,,,,,,,,,,,,,,
1981-04-01,240.65,,,,213.6,,222.7,,219.64,,218.79,,,,,,,,219.46,,220.8,221.35,
1981-05-01,,,,,,,,,,,,,,,,,,,,,,,
1981-06-01,240.47,,,,214.17000000000002,,222.03,,219.67,,219.92,,,,,,,,,191.52,222.23,220.85,
1981-07-01,,,,,,,,,,,,,,,,,,,,,,,
1981-08-01,242.93,,,,214.6,,223.8,,220.88,,220.44,,,,,,,,222.71,,223.85,222.83,
1981-09-01,,,,,,,,,,,,,,,,,,,,,,,
1981-10-01,,,,,,,,,,,,,,,,,,,,,,,
1981-11-01,242.52,,,,,,223.37,,220.51,,220.35,,,,,,,,221.01,,223.55,226.37,
1981-12-01,,,,,,,,,,,,,,,,,,,,,,,
1982-01-01,240.5,,,,,,222.87,,220.27,,219.84,,,,,,,,220.9,192.0,223.38,222.1,
1982-02-01,,,,,,,,,,,,,,,,,,,,,,,
1982-03-01,,,,,,,,,,,,,,,,,,,,,,,
1982-04-01,241.64,,,,,,222.97,,220.2,,219.95,,,,,,,,220.71,191.88,223.22,221.91,
1982-05-01,,,,,,,,,,,,,,,,,,,,,,,
1982-06-01,240.49,,,,,,222.48,,219.64,,219.77,,,,,,,,,191.06,222.55,220.75,
1982-07-01,,,,,,,,,,,,,,,,,,,,,,,
1982-08-01,,,,,214.41,,224.1,,220.87,,220.04,,,,,,,,222.16,191.55,223.97,222.37,
1982-09-01,,,,,,,,,,,,,,,,,,,,,,,
1982-10-01,,,,,,,,,,,,,,,,,,,,,,,
1982-11-01,238.01,,,,214.5,,222.55,,220.39,,217.64,,,,,,,,222.56,,223.9,222.25,
1982-12-01,,,,,,,,,,,,,,,,,,,,,,,
1983-01-01,241.06,,,,214.5,,222.9,,220.34,,220.34,,,,,,,,221.76,,222.1,221.95,
1983-02-01,,,,,,,,,,,,,,,,,,,,,,,
1983-03-01,,,,,,,,,,,,,,,,,,,,,,,
1983-04-01,240.53,,,,213.6,,222.6,,219.99,,218.96,,,,,,,,219.46,,220.7,221.22,
1983-05-01,,,,,,,,,,,,,,,,,,,,,,,
1983-06-01,,,,,213.93,,222.57,,219.79,,219.76,,,,,,,,,191.09,222.84,220.76,
1983-07-01,,,,,,,,,,,,,,,,,,,,,,,
1983-08-01,243.83,,,,215.1,,224.87,,221.51,,220.68,,,,,,,,223.86,191.76,225.5,223.52,
1983-09-01,,,,,,,,,,,,,,,,,,,,,,,
1983-10-01,,,,,,,,,,,,,,,,,,,,,,,
1983-11-01,242.51,,,,214.89,,223.63,,220.18,,221.26,,,,,,,,222.46,192.03,223.7,222.35,
1983-12-01,,,,,,,,,,,,,,,,,,,,,,,
1984-01-01,242.39,,,,214.76,,223.64,,220.12,,221.15,,,,,,,,222.19,191.98,223.61,222.36,
1984-02-01,,,,,,,,,,,,,,,,,,,,,,,
1984-03-01,,,,,,,,,,,,,,,,,,,,,,,
1984-04-01,241.03,,,,214.47,,222.51,,219.64,,220.81,,,,,,,,221.37,191.74,223.2,221.6,
1984-05-01,,,,,,,,,,,,,,,,,,,,,,,
1984-06-01,238.13,,,,214.3,,223.54,,220.62,,220.31,,,,,,,,220.91,191.56,223.34,220.99,
1984-07-01,,,,,,,,,,,,,,,,,,,,,,,
1984-08-01,242.23,,,,214.55,,224.74,,221.46,,221.06,,,,,,,,221.35,191.59,224.5,221.94,
1984-09-01,,,,,,,,,,,,,,,,,,,,,,,
1984-10-01,,,,,,,,,,,,,,,,,,,,,,,
1984-11-01,242.1,,,,214.1,,223.29,,219.97,,221.07,,,,,,,,220.87,192.46,224.92,221.6,
1984-12-01,,,,,,,,,,,,,,,,,,,,,,,
1985-01-01,241.89,,,,214.19,,223.14,,219.89,,221.01,,,,,,,,220.76,191.39,223.08,221.13,
1985-02-01,,,,,,,,,,,,,,,,,,,,,,,
1985-03-01,,,,,,,,,,,,,,,,,,,,,,,
1985-04-01,,,,,,,,,,,,,,,,,,,,,,,
1985-05-01,240.12,,,,,,,,219.08,,220.26,,,,,,,,219.56,190.88,221.56,219.91,
1985-06-01,,,,,,,,,,,,,,,,,,,,,,,
1985-07-01,,,,,,,,,,,,,,,,,,,,,,,
1985-08-01,242.45,,,,214.5,,224.33,,220.62,,220.33,,,,,,,,220.36,191.16,224.18,221.91,
1985-09-01,,,,,,,,,,,,,,,,,,,,,,,
1985-10-01,,,,,,,,,,,,,,,,,,,,,,,
1985-11-01,,,,,214.48,,222.27,,219.74,,220.45,,,,,,,,220.89,191.16,,221.86,
1985-12-01,,,,,,,,,,,,,,,,,,,,,,,
1986-01-01,242.23,,,,214.42000000000002,,221.87,,220.05,,220.33,,,,,,,,220.88,191.11,223.45,221.87,
1986-02-01,,,,,,,,,,,,,,,,,,,,,,,
1986-03-01,,,,,,,,,,,,,,,,,,,,,,,
1986-04-01,,,,,,,,,,,,,,,,,,,,,,,
1986-05-01,240.87,,,,220.44,,221.16,,219.48,,219.94,,,,,,,,220.13,190.45,222.37,,
1986-06-01,,,,,,,,,,,,,,,,,,,,,,,
1986-07-01,,,,,,,,,,,,,,,,,,,,,,,
1986-08-01,242.2,,,,214.27,,221.61,,220.24,,221.08,,,,,,,,220.22,190.74,223.82,221.53,
1986-09-01,,,,,,,,,,,,,,,,,,,,,,,
1986-10-01,,,,,,,,,,,,,,,,,,,,,,,
1986-11-01,242.92,,,,213.92000000000002,,221.86,,220.01,,220.0,,,,,,,,220.34,190.57,223.89,221.53,
1986-12-01,,,,,,,,,,,,,,,,,,,,,,,
1987-01-01,241.65,,,,214.11,,220.91,,219.89,,219.93,,,,,206.3,,,220.23,190.46,223.5,221.66,
1987-02-01,,,,,,,,,,,,,,,,,,,,,,,
1987-03-01,,,,,,,,,,,,,,,,,,,,,,,
1987-04-01,,,,,,,,,,,,,,,,,,,,,,,
1987-05-01,240.45,,,,,,220.09,,219.07,,219.48,,,,,,,,219.26,,222.02,220.66,
1987-06-01,,,,,,,,,,,,,,,,,,,,,,,
1987-07-01,,,,,,,,,,,,,,,,,,,,,,,
1987-08-01,240.62,,,,213.4,,219.7,,219.46,,219.64,,,,,205.73,,,219.03,189.66,221.78,220.74,
1987-09-01,,,,,,,,,,,,,,,,,,,,,,,
1987-10-01,,,,,,,,,,,,,,,,,,,,,,,
1987-11-01,240.23,,,,213.4,,219.69,,219.1,,219.63,,,,,205.66,,,218.71,189.15,221.59,220.45,
1987-12-01,,,,,,,,,,,,,,,,,,,,,,,
1988-01-01,240.2,,,,221.55,,219.9,,219.25,,219.38,,,,,205.59,,,218.51,189.39,221.48,220.15,
1988-02-01,,,,,,,,,,,,,,,,,,,,,,,
1988-03-01,,,,,,,,,,,,,,,,,,,,,,,
1988-04-01,,,,,,,,,,,,,,,,,,,,,,,
1988-05-01,239.4,235.25,,,220.31,223.3,218.48,,218.72,,219.98,,,,,204.77,,,217.61,188.77,221.02,219.43,
1988-06-01,,,,,,,,,,,,,,,,,,,,,,,
1988-07-01,,,,,,,,,,,,,,,,,,,,,,,
1988-08-01,243.72,236.85,,,221.79,225.86,223.2,,221.89,,219.72,,,,,205.16,,,218.63,189.12,223.73,221.28,
1988-09-01,,,,,,,,,,,,,,,,,,,,,,,
1988-10-01,,,,,,,,,,,,,,,,,,,,,,,
1988-11-01,242.94,236.89,,,222.64,226.67,222.46,,220.5,,221.27,,,,,205.48,,,219.83,189.37,224.07,220.76,
1988-12-01,,,,,,,,,,,,,,,,,,,,,,,
1989-01-01,242.88,236.27,,,222.74,226.65,222.44,,220.14,,221.2,,,,,205.46,,205.9,219.9,189.27,223.8,220.73,211.64
1989-02-01,,,,,,,,,,,,,,,,,,,,,,,
1989-03-01,,,,,,,,,,,,,,,,,,,,,,,
1989-04-01,,,,,,,,,,,,,,,,,,,,,,,
1989-05-01,241.18,234.93,,,221.8,225.05,220.52,,219.04,,220.54,,,,,204.93,,204.88,219.24,188.67,221.92,220.2,209.5
1989-06-01,,,,,,,,,,,,,,,,,,,,,,,
1989-07-01,,,,,,,,,,,,,,,,,,,,,,,
1989-08-01,242.88,235.82,,,221.81,226.11,221.58,,221.8,,221.11,,,,,204.7,,204.99,219.6,189.0,222.8,219.86,209.17
1989-09-01,,,,,,,,,,,,,,,,,,,,,,,
1989-10-01,,,,,,,,,,,,,,,,,,,,,,,
1989-11-01,242.62,236.07,244.92,,222.2,225.9,222.4,,220.13,,222.23,,,,,204.51,,205.47,220.3,189.65,223.24,219.59,208.56
1989-12-01,,,,,,,,,,,,,,,,,,,,,,,
1990-01-01,242.6,235.87,244.59,,222.14,225.38,222.7,,220.2,,222.48,,,,,204.42,,205.6,220.34,188.88,223.31,219.63,208.16
1990-02-01,,,,,,,,,,,,,,,,,,,,,,,
1990-03-01,,,,,,,,,,,,,,,,,,,,,,,
1990-04-01,,,,,,,,,,,,,,,,,,,,,,,
1990-05-01,241.23,235.2,244.1,,221.31,225.08,221.86,,219.38,,221.34,,,,,203.8,,204.61,219.44,188.31,222.08,217.96,210.05
1990-06-01,,,,,,,,,,,,,,,,,,,,,,,
1990-07-01,,,,,,,,,,,,,,,,,,,,,,,
1990-08-01,242.25,236.23,246.22,,222.23,226.23,222.2,,219.98,,221.56,,,,,203.88,,205.29,219.92,188.5,223.31,219.24,206.92
1990-09-01,,,,,,,,,,,,,,,,,,,,,,,
1990-10-01,,,,,,,,,,,,,,,,,,,,,,,
1990-11-01,,236.32,245.84,,223.0,226.07,,,,,,,,,,205.1,,205.93,220.65,187.79,223.75,220.2,209.47
1990-12-01,,,,,,,,,,,,,,,,,,,,,,,
1991-01-01,,236.47,246.15,,223.14,226.2,,,219.9,,221.7,,,,198.05,203.96,217.72,205.9,220.7,188.24,223.4,220.3,209.87
1991-02-01,,,,,,,,,,,,,,,,,,,,,,,
1991-03-01,,,,,,,,,,,,,,,,,,,,,,,
1991-04-01,,,,,,,,,,,,,,,,,,,,,,,
1991-05-01,241.28,234.81,244.28,,221.99,224.9,,,219.3,,220.96,,,,199.45,203.3,217.5,,219.33,,,219.35,209.55
1991-06-01,,,,,,,,,,,,,,,,,,,,,,,
1991-07-01,,,,,,,,,,,,,,,,,,,,,,,
1991-08-01,242.74,234.89,244.55,,222.57,225.18,224.2,,220.95,,,,,,200.3,203.36,217.9,205.01,219.63,188.55,,220.07,209.47
1991-09-01,,,,,,,,,,,,,,,,,,,,,,,
1991-10-01,,,,,,,,,,,,,,,,,,,,,,,
1991-11-01,242.4,235.07,245.28,,221.9,224.87,222.4,,219.95,,,,,,200.54,203.48,219.0,205.34,220.14,187.94,,,209.55
1991-12-01,,,,,,,,,,,,,,,,,,,,,,,
1992-01-01,242.24,235.2,244.1,,222.1,225.0,222.28,,219.89,,,,,,200.24,203.5,217.45,205.37,220.02,187.96,222.77,220.06,209.82
1992-02-01,,,,,,,,,,,,,,,,,,,,,,,
1992-03-01,,,,,,,,,,,,,,,,,,,,,,,
1992-04-01,,,,,,,,,,,,,,,,,,,,,,,
1992-05-01,240.88,234.57,242.78,,221.15,224.22,220.97,,219.29,,,,,,199.72,203.14,216.21,204.43,219.39,187.59,221.84,219.63,209.02
1992-06-01,,,,,,,,,,,,,,,,,,,,,,,
1992-07-01,,,,,,,,,,,,,,,,,,,,,,,
1992-08-01,,236.1,247.05,,221.06,225.3,223.88,,220.8,,223.06,,,,200.08,203.04,217.35,204.5,219.3,187.33,222.56,220.11,209.87
1992-09-01,,,,,,,,,,,,,,,,,,,,,,,
1992-10-01,,,,,,,,,,,,,,,,,,,,,,,
1992-11-01,242.58,234.57,244.24,,221.15,225.18,222.5,,219.72,,221.21,,,,199.84,202.98,216.34,204.24,219.11,187.16,222.15,220.18,209.07
1992-12-01,,,,,,,,,,,,,,,,,,,,,,,
1993-01-01,242.12,235.49,244.0,,221.15,225.04,222.08,,219.65,,221.02,,,,199.88,202.93,216.7,204.3,219.06,187.18,222.16,220.23,209.55
1993-02-01,,,,,,,,,,,,,,,,,,,,,,,
1993-03-01,,,,,,,,,,,,,,,,,,,,,,,
1993-04-01,,,,,,,,,,,,,,,,,,,,,,,
1993-05-01,240.7,234.58,242.94,227.59,,224.15,220.8,,219.09,227.05,220.22,234.15,236.36,233.13,200.58,202.95,215.2,203.61,218.34,186.79,,219.85,209.78
1993-06-01,,,,,,,,,,,,,,,,,,,,,,,
1993-07-01,,,,,,,,,,,,,,,,,,,,,,,
1993-08-01,241.41,234.58,243.69,227.7,,224.19,223.4,,219.85,226.58,221.86,235.56,237.17,234.18,200.85,203.19,215.59,203.72,218.66,186.46,221.61,219.36,209.55
1993-09-01,,,,,,,,,,,,,,,,,,,,,,,
1993-10-01,,,,,,,,,,,,,,,,,,,,,,,
1993-11-01,242.13,235.3,243.26,227.81,220.87,224.39,221.18,,219.74,226.78,221.13,235.74,237.66,234.41,199.03,203.13,217.5,204.31,219.15,186.92,221.34,217.96,204.58
1993-12-01,,,,,,,,,,,,,,,,,,,,,,,
1994-01-01,242.13,235.3,243.26,227.81,220.87,224.39,221.18,,219.74,226.78,221.13,235.74,237.66,234.41,197.62,203.12,217.38,,219.08,186.48,221.73,217.96,204.58
1994-02-01,,,,,,,,,,,,,,,,,,,,,,,
1994-03-01,,,,,,,,,,,,,,,,,,,,,,,
1994-04-01,,,,,,,,,,,,,,,,,,,,,,,
1994-05-01,240.85,234.65,239.5,,,223.67,220.05,220.05,219.01,225.56,219.41,234.42,234.26,232.34,198.7,202.93,215.6,204.47,217.9,185.93,221.0,217.96,204.58
1994-06-01,,,,,,,,,,,,,,,,,,,,,,,
1994-07-01,,,,,,,,,,,,,,,,,,,,,,,
1994-08-01,243.9,237.37,239.5,228.65,,225.7,223.93,223.93,221.89,227.98,221.24,236.1,237.45,233.85,199.48,203.15,218.75,205.63,219.82,185.98,223.4,221.29,209.8
1994-09-01,,,,,,,,,,,,,,,,,,,,,,,
1994-10-01,,,,,,,,,,,,,,,,,,,,,,,
1994-11-01,242.85,235.65,239.5,228.62,,225.13,223.93,222.59,219.89,227.3,220.69,234.85,236.1,230.4,199.91,203.7,216.84,205.53,220.22,185.4,222.65,217.96,204.58
1994-12-01,,,,,,,,,,,,,,,,,,,,,,,
1995-01-01,242.55,235.28,244.99,228.6,,225.26,,,219.84,226.53,213.89,235.03,235.91,233.36,199.66,203.29,216.44,205.36,220.24,186.05,222.59,220.79,210.96
1995-02-01,,,,,,,,,,,,,,,,,,,,,,,
1995-03-01,,,,,,,,,,,,,,,,,,,,,,,
1995-04-01,,,,,,,,,,,,,,,,,,,,,,,
1995-05-01,241.08,235.35,239.5,227.23,,223.85,,220.96,219.04,226.0,219.74,234.4,235.65,232.73,198.44,203.33,216.16,204.34,219.5,185.53,221.64,220.55,209.22
1995-06-01,,,,,,,,,,,,,,,,,,,,,,,
1995-07-01,,,,,,,,,,,,,,,,,,,,,,,
1995-08-01,242.68,234.95,,228.95,,225.05,,224.66,221.93,227.5,220.28,236.57,237.75,233.18,202.01,203.72,216.96,205.5,220.42,185.51,222.1,221.13,210.09
1995-09-01,,,,,,,,,,,,,,,,,,,,,,,
1995-10-01,,,,,,,,,,,,,,,,,,,,,,,
1995-11-01,242.59,235.54,239.5,228.47,,225.21,,222.67,220.06,227.33,220.85,234.78,236.81,230.32,200.65,203.63,,205.77,215.43,186.36,222.0,221.05,204.58
1995-12-01,,,,,,,,,,,,,,,,,,,,,,,
1996-01-01,242.2,235.13,239.5,227.88,,225.8,,222.52,219.91,227.11,220.45,,236.53,,199.65,203.25,,205.37,220.34,185.75,222.15,220.75,204.58
1996-02-01,,,,,,,,,,,,,,,,,,,,,,,
1996-03-01,,,,,,,,,,,,,,,,,,,,,,,
1996-04-01,,,,,,,,,,,,,,,,,,,,,,,
1996-05-01,240.29,234.6,239.5,,,,,221.18,,,,,235.63,232.62,198.24,203.74,215.53,204.66,219.72,185.35,219.21,220.6,210.93
1996-06-01,,,,,,,,,,,,,,,,,,,,,,,
1996-07-01,,,,,,,,,,,,,,,,,,,,,,,
1996-08-01,242.62,235.78,246.42,228.65,,225.85,,224.3,221.26,226.49,220.09,235.64,237.52,233.22,200.74,204.37,217.4,205.47,220.39,185.65,223.83,221.73,211.7
1996-09-01,,,,,,,,,,,,,,,,,,,,,,,
1996-10-01,,,,,,,,,,,,,,,,,,,,,,,
1996-11-01,243.19,236.42,245.76,228.96,,225.81,,223.36,220.2,227.42,219.73,234.76,237.44,234.37,200.37,204.48,216.5,205.85,221.13,185.6,,220.7,211.25
1996-12-01,,,,,,,,,,,,,,,,,,,,,,,
1997-01-01,242.67,235.8,245.44,229.85,,225.81,,222.82,219.66,227.2,219.58,,237.34,234.91,199.45,204.1,216.3,205.67,220.86,185.75,,217.96,210.9
1997-02-01,,,,,,,,,,,,,,,,,,,,,,,
1997-03-01,,,,,,,,,,,,,,,,,,,,,,,
1997-04-01,,,,,,,,,,,,,,,,,,,,,,,
1997-05-01,241.5,234.61,243.44,228.84,,224.72,,,,226.23,,234.2,235.92,232.0,199.45,203.93,215.6,205.07,219.66,185.3,,217.96,209.7
1997-06-01,,,,,,,,,,,,,,,,,,,,,,,
1997-07-01,,,,,,,,,,,,,,,,,,,,,,,
1997-08-01,243.53,236.05,245.6,230.85,,228.4,,223.7,221.03,228.08,214.4,235.55,237.57,234.03,199.7,,216.15,207.59,,,,217.96,210.4
1997-09-01,,,,,,,,,,,,,,,,,,,,,,,
1997-10-01,,,,,,,,,,,,,,,,,,,,,,,
1997-11-01,242.93,234.93,239.5,231.05,,227.7,,222.7,219.53,227.4,,234.6,237.35,233.88,199.45,204.08,216.1,208.12,221.34,185.8,,,210.5
1997-12-01,,,,,,,,,,,,,,,,,,,,,,,
1998-01-01,242.83,234.68,245.6,231.54,,227.61,,222.96,220.13,227.47,,234.7,236.61,233.52,199.63,204.22,216.33,208.34,221.34,185.97,,,211.32
1998-02-01,,,,,,,,,,,,,,,,,,,,,,,
1998-03-01,,,,,,,,,,,,,,,,,,,,,,,
1998-04-01,,,,,,,,,,,,,,,,,,,,,,,
1998-05-01,242.25,234.44,244.08,228.59,,225.32,,220.08,219.31,,219.97,234.39,237.3,232.77,199.07,206.27,215.28,205.43,220.4,185.57,,,209.6
1998-06-01,,,,,,,,,,,,,,,,,,,,,,,
1998-07-01,,,,,,,,,,,,,,,,,,,,,,,
1998-08-01,240.64,,245.9,233.72,,228.1,,223.96,221.65,228.95,220.55,236.28,238.1,233.64,199.98,204.55,216.37,206.79,222.2,185.88,,,204.58
1998-09-01,,,,,,,,,,,,,,,,,,,,,,,
1998-10-01,,,,,,,,,,,,,,,,,,,,,,,
1998-11-01,243.45,236.4,245.8,234.18,,228.75,,223.3,220.82,229.27,220.74,235.57,237.5,234.63,199.51,204.85,216.92,208.17,223.52,186.46,,,211.8
1998-12-01,,,,,,,,,,,,,,,,,,,,,,,
1999-01-01,243.58,235.47,245.8,233.02,,224.44,,223.02,220.64,229.05,220.85,234.98,236.83,234.0,199.2,204.73,216.94,207.9,222.76,186.68,,,211.2
1999-02-01,,,,,,,,,,,,,,,,,,,,,,,
1999-03-01,,,,,,,,,,,,,,,,,,,,,,,
1999-04-01,,,,,,,,,,,,,,,,,,,,,,,
1999-05-01,241.38,231.98,243.8,231.45,,225.3,,220.38,219.22,227.02,220.67,234.44,236.4,232.96,198.73,205.03,215.88,206.17,220.95,186.4,,,210.04
1999-06-01,,,,,,,,,,,,,,,,,,,,,,,
1999-07-01,,,,,,,,,,,,,,,,,,,,,,,
1999-08-01,242.8,233.7,245.25,231.93,,226.65,,222.45,220.93,227.9,220.96,235.52,237.48,233.1,198.88,204.94,216.1,206.25,221.5,186.45,,,209.28
1999-09-01,,,,,,,,,,,,,,,,,,,,,,,
1999-10-01,,,,,,,,,,,,,,,,,,,,,,,
1999-11-01,242.38,235.23,244.24,231.24,,225.91,,221.84,219.53,227.46,220.87,235.0,236.63,233.0,198.48,204.9,215.76,206.31,221.39,186.42,,,209.69
1999-12-01,,,,,,,,,,,,,,,,,,,,,,,
2000-01-01,242.11,234.92,243.81,231.27,,225.75,,221.76,219.77,227.23,220.51,234.64,236.2,232.8,198.25,204.7,215.63,206.2,221.06,186.43,,,209.58
2000-02-01,,,,,,,,,,,,,,,,,,,,,,,
2000-03-01,,,,,,,,,,,,,,,,,,,,,,,
2000-04-01,,,,,,,,,,,,,,,,,,,,,,,
2000-05-01,240.95,233.67,242.63,230.21,,224.66,,220.43,219.38,226.54,220.06,234.41,236.14,232.44,197.71,204.46,215.02,205.23,220.34,186.06,,,208.55
2000-06-01,,,,,,,,,,,,,,,,,,,,,,,
2000-07-01,,,,,,,,,,,,,,,,,,,,,,,
2000-08-01,243.08,236.8,245.43,230.6,,225.73,,221.39,220.41,227.31,220.54,235.72,237.91,233.27,198.31,204.69,216.08,205.62,221.26,186.2,,,208.56
2000-09-01,,,,,,,,,,,,,,,,,,,,,,,
2000-10-01,,,,,,,,,,,,,,,,,,,,,,,
2000-11-01,242.95,235.15,245.1,233.02,,225.24,,,219.4,226.7,220.21,235.04,236.93,233.11,197.71,204.57,216.01,205.34,221.94,188.16,,,
2000-12-01,,,,,,,,,,,,,,,,,,,,,,,
2001-01-01,,,,,,,,,,,,,,,,,,,,,,,
2001-02-01,,,,,,,,,,,,,,,,,,,,,,,
2001-03-01,,,,,,,,,,,,,,,,,,,,,,,
2001-04-01,,,,,,,,,,,,,,,,,,,,,,,
2001-05-01,240.74,233.43,242.84,229.28,,224.16,,219.74,218.99,226.26,218.11,234.34,235.59,232.23,197.19,204.08,215.28,204.39,219.57,185.56,,,207.63
2001-06-01,,,,,,,,,,,,,,,,,,,,,,,
2001-07-01,,,,,,,,,,,,,,,,,,,,,,,
2001-08-01,244.0,235.95,244.84,230.22,,225.8,,222.85,221.55,227.1,219.11,235.76,237.73,233.05,198.2,204.07,215.71,204.35,219.69,185.4,,,208.03
2001-09-01,,,,,,,,,,,,,,,,,,,,,,,
2001-10-01,,,,,,,,,,,,,,,,,,,,,,,
2001-11-01,242.67,234.95,244.68,229.25,,225.08,,220.9,219.41,226.74,218.66,234.73,236.56,232.88,197.43,204.12,215.48,203.84,219.31,185.03,,,207.24
2001-12-01,,,,,,,,,,,,,,,,,,,,,,,
2002-01-01,242.35,235.15,242.45,229.2,,,,220.47,219.21,226.66,219.85,234.44,236.66,232.79,196.97,,216.23,203.79,219.02,185.59,,,207.02
2002-02-01,,,,,,,,,,,,,,,,,,,,,,,
2002-03-01,,,,,,,,,,,,,,,,,,,,,,,
2002-04-01,,,,,,,,,,,,,,,,,,,,,,,
2002-05-01,241.17,233.81,241.35,229.88,,223.7,,219.56,218.97,226.07,219.16,234.58,235.95,232.51,196.35,,214.92,203.14,218.42,184.45,,,
2002-06-01,,,,,,,,,,,,,,,,,,,,,,,
2002-07-01,,,,,,,,,,,,,,,,,,,,,,,
2002-08-01,242.15,,241.6,228.5,,224.1,,221.4,219.19,225.9,220.46,234.28,236.15,232.38,195.79,,214.48,200.43,218.29,184.33,,,
2002-09-01,,,,,,,,,,,,,,,,,,,,,,,
2002-10-01,,,,,,,,,,,,,,,,,,,,,,,
2002-11-01,242.75,,242.06,229.46,,225.17,,221.62,219.97,227.51,220.33,234.35,237.05,233.59,196.01,,214.2,200.84,218.81,184.82,,,
2002-12-01,,,,,,,,,,,,,,,,,,,,,,,
2003-01-01,242.1,,241.45,229.8,,224.98,,221.18,219.7,227.17,220.04,234.38,235.55,233.13,195.85,,214.48,204.0,219.56,184.85,,,
2003-02-01,,,,,,,,,,,,,,,,,,,,,,,
2003-03-01,,,,,,,,,,,,,,,,,,,,,,,
2003-04-01,,,,,,,,,,,,,,,,,,,,,,,
2003-05-01,241.3,,,228.45,,224.25,,220.27,219.09,226.9,219.47,234.15,235.93,232.75,195.25,,214.06,202.25,218.86,,,,
2003-06-01,,,,,,,,,,,,,,,,,,,,,,,
2003-07-01,,,,,,,,,,,,,,,,,,,,,,,
2003-08-01,243.09,,241.6,229.53,,224.96,,223.0,220.7,228.05,,235.76,237.53,233.58,196.92,,216.54,,217.36,184.96,,,
2003-09-01,,,,,,,,,,,,,,,,,,,,,,,
2003-10-01,,,,,,,,,,,,,,,,,,,,,,,
2003-11-01,,,241.68,230.5,,225.2,,221.5,219.79,227.3,,234.49,237.0,233.82,197.15,,216.51,204.81,220.46,185.06,,,
2003-12-01,,,,,,,,,,,,,,,,,,,,,,,
2004-01-01,,,,230.35,,225.2,,221.52,219.66,227.33,,236.08,,233.38,196.78,,216.27,205.02,220.23,185.1,,,
2004-02-01,,,,,,,,,,,,,,,,,,,,,,,
2004-03-01,,,,,,,,,,,,,,,,,,,,,,,
2004-04-01,,,,,,,,,,,,,,,,,,,,,,,
2004-05-01,,,,229.35,,224.28,,219.9,218.94,226.55,,235.23,235.55,232.37,195.28,,215.28,,217.86,183.93,,,
2004-06-01,,,,,,,,,,,,,,,,,,,,,,,
2004-07-01,,,,,,,,,,,,,,,,,,,,,,,
2004-08-01,,,,229.18,,224.72,,220.17,220.64,227.3,,235.55,237.85,232.35,194.77,,215.12,202.27,,183.93,,,
2004-09-01,,,,,,,,,,,,,,,,,,,,,,,
2004-10-01,,,,,,,,,,,,,,,,,,,,,,,
2004-11-01,,,,228.95,,224.55,,220.37,219.47,226.95,,234.5,236.65,232.73,194.72,,215.45,202.75,219.39,,,,
2004-12-01,,,,,,,,,,,,,,,,,,,,,,,
2005-01-01,,,,228.55,,224.45,,220.06,219.34,226.6,,234.3,234.75,232.58,194.81,,215.66,203.89,218.75,183.93,,,
2005-02-01,,,,,,,,,,,,,,,,,,,,,,,
2005-03-01,,,,,,,,,,,,,,,,,,,,,,,
2005-04-01,,,,,,,,,,,,,,,,,,,,,,,
2005-05-01,,,,227.7,213.4,223.86,,220.66,218.69,226.1,,233.96,235.15,,,,214.55,202.01,218.66,,,,
2005-06-01,,,,,,,,,,,,,,,,,,,,,,,
2005-07-01,,,,,,,,,,,,,,,,,,,,,,,
2005-08-01,234.8,,239.5,221.92,,224.47,,221.55,220.39,226.22,212.89,234.8,235.65,229.43,193.62,201.95,216.3,201.87,215.43,183.93,,,204.58
2005-09-01,,,,,,,,,,,,,237.15,,,,,,,,,,
2005-10-01,,,,,,,,,,,,,237.85,,,,,,,,,,
2005-11-01,,,,228.9,,225.4,,223.28,219.35,227.42,,235.0,236.85,234.58,192.49,,216.81,203.8,,,,,
2005-12-01,,,,,,,,,,,,,235.81,,,,,,,,,,
2006-01-01,,,,228.7,,225.15,,222.57,218.95,227.0,,234.64,236.32,233.73,191.0,,216.38,,218.91,,,,
2006-02-01,,,,,,,,,,,,,,,,,,,,,,,
2006-03-01,,,,,,,,,,,,,,,,,,,,,,,
2006-04-01,,,,,,,,,,,,,,,,,,,,,,,
2006-05-01,,,,228.12,,224.2,,221.05,,,,234.12,235.45,,191.0,,215.77,,,,,,
2006-06-01,,,,,,,,,,,,,,,,,,,,,,,
2006-07-01,,,,,,,,,,,,,,,,,,,,,,,
2006-08-01,,,,225.8,,224.3,,221.1,218.8,,,233.73,237.05,,,,217.14,,,,,,
2006-09-01,,,,,,,,,,,,,,,,,,,,,,,
2006-10-01,,,,,,,,,,,,,,,,,,,,,,,
2006-11-01,,,,227.68,,224.55,,221.66,219.05,226.59,,234.54,236.1,232.86,191.0,,216.92,202.54,218.63,,,,
2006-12-01,,,,,,,,,,,,,,,,,,,,,,,
2007-01-01,,,,228.3,,224.3,,221.4,218.8,226.37,,234.4,235.65,232.58,,,216.44,203.0,218.06,,,,
2007-02-01,,,,,,,,,,,,,,,,,,,,,,,
2007-03-01,,,,,,,,,,,,,,,,,,,,,,,
2007-04-01,,,,,,,,,,,,,,,,,,,,,,,
2007-05-01,,,,226.1,,222.58,,220.85,212.95,226.05,,234.2,235.8,229.43,,,216.02,203.35,215.43,,,,
2007-06-01,,,,,,,,,,,,,,,,,,,,,,,
2007-07-01,,,,,,,,,,,,,,,,,,,,,,,
2007-08-01,,,,227.0,,224.3,,222.35,,226.9,,234.4,236.55,229.43,,,216.78,,,,,,
2007-09-01,,,,,,,,,,,,,,,,,,,,,,,
2007-10-01,,,,,,,,,,,,,,,,,,,,,,,
2007-11-01,,,,227.05,,224.05,,222.5,,226.5,,234.45,235.9,229.43,,,217.2,199.43,,,,,
2007-12-01,,,,,,,,,,,,,,,,,,,,,,,
2008-01-01,,,,226.43,,223.95,,222.4,212.95,226.1,,234.3,235.35,229.43,,,216.96,,,,,,
2008-02-01,,,,,,,,,,,,,,,,,,,,,,,
2008-03-01,,,,,,,,,,,,,,,,,,,,,,,
2008-04-01,,,,,,,,,,,,,,,,,,,,,,,
2008-05-01,,,,225.78,,223.35,,220.6,212.95,,,233.95,,229.43,,,216.08,199.43,,,,,
2008-06-01,,,,,,,,,,,,,,,,,,,,,,,
2008-07-01,,,,,,,,,,,,,,,,,,,,,,,
2008-08-01,,,,226.8,,223.95,,222.25,,,,234.85,237.25,,,,217.87,,,,,,
2008-09-01,,,,,,,,,,,,,,,,,,,,,,,
2008-10-01,,,,,,,,,,,,,,,,,,,,,,,
2008-11-01,,,,226.71,,224.92,,,,,,234.71,236.25,,,,217.6,,,,,,
2008-12-01,,,,,,,,,,,,,,,,,,,,,,,
2009-01-01,,,,226.25,,224.1,,221.8,,,,234.7,235.95,,,,,,,,,,
2009-02-01,,,,,,,,,,,,,,,,,,,,,,,
2009-03-01,,,,,,,,,,,,,,,,,,,,,,,
2009-04-01,,,,,,,,,,,,,,,,,,,,,,,
2009-05-01,,,,225.24,,223.17,,221.52,,,,233.95,235.2,,,,,,,,,,
2009-06-01,,,,,,,,,,,,,,,,,,,,,,,
2009-07-01,,,,,,,,,,,,,,,,,,,,,,,
2009-08-01,,,,227.4,,223.7,,221.05,,,,234.9,238.05,,,,,,,,,,
2009-09-01,,,,,,,,,,,,,,,,,,,,,,,
2009-10-01,,,,,,,,,,,,,,,,,,,,,,,
2009-11-01,,,,225.52,,223.45,,220.72,,,,234.43,235.09,,,,,,,,,,
2009-12-01,,,,,,,,,,,,,,,,,,,,,,,
2010-01-01,,,,225.83,,223.41,,220.59,,,,234.51,234.9,,,,,,,,,,
2010-02-01,,,,,,,,,,,,,,,,,,,,,,,
2010-03-01,,,,,,,,,,,,,,,,,,,,,,,
2010-04-01,,,,,,,,,,,,,,,,,,,,,,,
2010-05-01,,,,224.41,,222.83,,219.68,,,,233.88,234.5,,,,,,,,,,
2010-06-01,,,,,,,,,,,,,,,,,,,,,,,
2010-07-01,,,,,,,,,,,,,,,,,,,,,,,
2010-08-01,,,,225.3,,223.2,,221.1,,,,235.9,236.95,,,,,,,,,,
2010-09-01,,,,,,,,,,,,,,,,,,,,,,,
2010-10-01,,,,,,,,,,,,,,,,,,,,,,,
2010-11-01,,,,225.67,,223.87,,221.7,,,,234.94,235.93,,,,,,,,,,
2010-12-01,,,,,,,,,,,,,,,,,,,,,,,
2011-01-01,,,,225.2,,223.58,,221.45,,,,234.78,235.3,,,,,,,,,,
2011-02-01,,,,,,,,,,,,,,,,,,,,,,,
2011-03-01,,,,,,,,,,,,,,,,,,,,,,,
2011-04-01,,,,,,,,,,,,,,,,,,,,,,,
2011-05-01,,,,224.91,,223.11,,,,,,,233.93,,,,,,,,,,
2011-06-01,,,,,,,,,,,,,,,,,,,,,,,
2011-07-01,,,,,,,,,,,,,,,,,,,,,,,
2011-08-01,,,,222.51,,224.08,,222.24,,,,235.39,237.24,,,,,,,,,,
2011-09-01,,,,,,,,,,,,,,,,,,,,,,,
2011-10-01,,,,,,,,,,,,,,,,,,,,,,,
2011-11-01,,,,225.12,,223.89,,221.25,,,,234.52,235.75,,,,,,,,,,
2011-12-01,,,,,,,,,,,,,,,,,,,,,,,
2012-01-01,,,,225.7,,223.8,,,,,,234.6,235.65,,,,,,,,,,
2012-02-01,,,,,,,,,,,,,,,,,,,,,,,
2012-03-01,,,,,,,,,,,,,,,,,,,,,,,
2012-04-01,,,,,,,,,,,,,,,,,,,,,,,
2012-05-01,240.15,,,223.71,,223.06,,,,,,232.7,233.97,,,,,,,,,,
2012-06-01,,,,,,,,,,,,,,,,,,,,,,,
2012-07-01,,,,,,,,,,,,,,,,,,,,,,,
2012-08-01,,,,224.0,,223.1,,,,,,234.6,235.18,,,,,,,,,,
2012-09-01,,,,,,,,,,,,,,,,,,,,,,,
2012-10-01,,,,,,,,,,,,,,,,,,,,,,,
2012-11-01,,,,224.49,,223.4,,220.44,,,,234.5,234.59,,,,,,,,,,
2012-12-01,,,,,,,,,,,,,,,,,,,,,,,
2013-01-01,242.03,,,224.8,,223.2,,220.35,,,,234.35,234.5,,,,,,,,,,
2013-02-01,,,,,,,,,,,,,,,,,,,,,,,
2013-03-01,,,,,,,,,,,,,,,,,,,,,,,
2013-04-01,,,,,,,,,,,,,,,,,,,,,,,
2013-05-01,,,,224.3,,223.31,,,,,,234.67,234.25,,,,,,,,,,
2013-06-01,,,,,,,,,,,,,,,,,,,,,,,
2013-07-01,,,,,,,,,,,,,,,,,,,,,,,
2013-08-01,244.8,,,225.43,,224.72,,220.73,,,,235.7,235.1,,,,,,,,,,
2013-09-01,,,,,,,,,,,,,,,,,,,,,,,
2013-10-01,,,,,,,,,,,,,,,,,,,,,,,
2013-11-01,242.1,231.6,,225.6,,224.8,,220.7,,,,235.3,235.05,,,,,,,,,,
2013-12-01,,,,,,,,,,,,,,,,,,,,,,,
2014-01-01,241.72,232.05,,225.77,,224.65,,,,,,235.05,234.7,,,,,,,,,,
2014-02-01,,,,,,,,,,,,,,,,,,,,,,,
2014-03-01,,,,,,,,,,,,,,,,,,,,,,,
2014-04-01,,,,,,,,,,,,,,,,,,,,,,,
2014-05-01,,,,224.51,,223.1,,,,,,233.8,234.37,,,,,,,,,,
2014-06-01,,,,,,,,,,,,,,,,,,,,,,,
2014-07-01,,,,,,,,,,,,,,,,,,,,,,,
2014-08-01,,,,,,,,,,,,,,,,,,,,,,,
2014-09-01,,,,,,,,,,,,,,,,,,,,,,,
2014-10-01,,,,,,,,,,,,,,,,,,,,,,,
2014-11-01,,,,223.8,,223.05,,,,,,234.5,234.37,,,,,,,,,,
2014-12-01,,,,,,,,,,,,,,,,,,,,,,,
2015-01-01,,,,,,,,,,,,,,,,,,,,,,,
2015-02-01,,,,,,,,,,,,,,,,,,,,,,,
2015-03-01,,,,,,,,,,,,,,,,,,,,,,,
2015-04-01,,,,,,,,,,,,,,,,,,,,,,,
2015-05-01,239.65,230.39,,,,222.74,,,,,,234.23,,,,,,,,,,,
2015-06-01,,,,,,,,,,,,,,,,,,,,,,,
2015-07-01,,,,,,,,,,,,,,,,,,,,,,,
2015-08-01,240.1,231.07,,,,221.85,,,,,,234.32,232.95,,,,,,,,,,
2015-09-01,,,,,,,,,,,,,,,,,,,,,,,
2015-10-01,,,,,,,,,,,,,,,,,,,,,,,
2015-11-01,241.54,231.2,,224.0,,222.75,,,,,,234.9,233.75,,,,,,,,,,
2015-12-01,,,,,,,,,,,,,,,,,,,,,,,
