date,well_000,well_002,well_004,well_005,well_007,well_008,well_010,well_013,well_015,well_021,well_022,well_023,well_024,well_026,well_028,well_031,well_032,well_035,well_038,well_039,well_040,well_041,well_042,well_044,well_048,well_050,well_053,well_059,well_060,well_061,well_063,well_064,well_066,well_078,well_079,well_106,well_107,well_110,well_120,well_128,well_130,well_131,well_147,well_148,well_158,well_160,well_176,well_177,well_184,well_185,well_188,well_192,well_194,well_195,well_197,well_201,well_202,well_203,well_204,well_213,well_221,well_222,well_233,well_234,well_236,well_239,well_242,well_243,well_244,well_246,well_251,well_252,well_254,well_255,well_261,well_263,well_272,well_274,well_275,well_276,well_277,well_280,well_282,well_285,well_286,well_287,well_289,well_291,well_293,well_294,well_296,well_297,well_298,well_299
1980-12-31,240.964,,,,,215.85399999999998,,221.92,,219.678,,220.108,,,233.05,,,,,,,,201.7725,,220.6025,188.46,222.346,221.685,,,,,,,,,,,,,,,,,,,,,,,,,,,,,,,,,,,,,,,,,,,,,,,,,,,,,,,,,,,,,,,,,,
1981-12-31,241.628,,,,,214.305,,222.93,,220.048,,219.902,,,232.82,,,,,,,,202.985,,220.905,191.52,222.856,222.53,,,,,,,,,,,,,,,,,,,,,,,,,,,,,,,,,,,,,,,,,,,,,,,,,,,,,,,,,,,,,,,,,,
1982-12-31,240.16,,,,,214.45499999999998,,222.994,,220.274,,219.448,,,233.48,,,,,,,,201.23333333333335,,221.5825,191.6225,223.404,221.876,,,,,,,,,,,,,,,,,,,,,,,,,,,,,,,,,,,,,,,,,,,,,,,,,,,,,,,,,,,,,,,,,,
1983-12-31,241.9825,,,,,214.404,,223.314,,220.362,,220.2,,,233.24,,,,,,,,201.258,,221.885,191.62666666666667,222.968,221.96,,,,,,,,,,,,,,,,,,,,,,,,,,,,,,,,,,,,,,,,,,,,,,,,,,,,,,,,,,,,,,,,,,
1984-12-31,241.176,,,,,214.436,,223.544,,220.362,,220.88,,,233.614,,,,,,,,200.698,,221.338,191.86599999999999,223.914,221.698,,,,,,,,,,,,,,,,,,,,,,,,,,,,,,,,,,,,,,,,,,,,,,,,,,,,,,,,,,,,,,,,,,
1985-12-31,241.48666666666668,,,,,214.39,,223.24666666666667,,219.8325,,220.5125,,,233.3025,,,,,,,,199.89,,220.3925,191.1475,222.94,221.2025,,,,,,,,,,,,,,,,,,,,,,,,,,,,,,,,,,,,,,,,,,,,,,,,,,,,,,,,,,,,,,,,,,
1986-12-31,242.055,,,,,215.7625,,221.625,,219.945,,220.3375,,,232.9275,,,,,,,,198.30333333333334,,220.3925,190.7175,223.3825,221.64333333333335,,,,,,,,,,,,,,,,,,,,,,,,,,,,,,,,,,,,,,,,,,,,,,,,,,,,,,,,,,,,,,,,,,
1987-12-31,240.7375,,,,,213.63666666666666,,220.0975,,219.38,,219.67,,,232.3025,,,,,205.89666666666668,197.47,,197.525,,219.3075,189.75666666666666,222.2225,220.8775,,,,,,,,,,,,,,,,,,,,,,,,,,,,,,,,,,,,,,,,,,,,,,,,,,,,,,,,,,,,,,,,,,
1988-12-31,241.565,236.33,,,228.07,221.5725,225.27666666666667,221.01,,220.09,,220.0875,,,232.0225,,,,,205.25,199.9925,,200.0325,,218.645,189.1625,222.575,220.405,,,,,,,,,,,,,,,,,,,,,,,,,,,,,,,,,,,,,,,,,,,,,,,,,,,,,,,,,,,,,,,,,,
1989-12-31,242.39,235.7725,244.92,,228.34333333333333,222.1375,225.9275,221.735,,220.2775,,221.27,,224.805,232.54,,,,,204.9,199.94,,198.485,205.31,219.76,189.1475,222.94,220.095,209.7175,,,,,,,,,,,,,,,,,,,,,,,,,,,,,,,,,,,,,,,,,,,,,,,,,,,,,,,,,,,,,,,,,
1990-12-31,242.02666666666667,235.905,245.1875,,227.11,222.17,225.69,222.25333333333333,,219.85333333333332,,221.79333333333332,,225.0375,,,,,,204.3,199.8125,,198.56,205.3575,220.0875,188.37,223.1125,219.2575,208.65,,,,,,,,,,,,,,,,,,,,,,,,,,,,,,,,,,,,,,,,,,,,,,,,,,,,,,,,,,,,,,,,,
1991-12-31,242.14,235.31,245.065,,227.43,222.4,225.2875,223.3,,220.025,,221.33,,224.5825,,,,,199.585,203.525,200.23333333333332,218.03,197.845,205.41666666666666,219.95,188.24333333333334,223.4,219.90666666666667,209.61,,,,,,,,,,,,,,,,,,,,,,,,,,,,,,,,,,,,,,,,,,,,,,,,,,,,,,,,,,,,,,,,,
1992-12-31,241.9,235.11,244.5425,,227.53,221.365,224.925,222.4075,,219.925,,222.135,,224.19,,,,,199.97,203.165,200.00666666666666,216.8375,196.82,204.635,219.455,187.51,222.33,219.995,209.445,,,,,,,,,,,,,,,,,,,,,,,,,,,,,,,,,,,,,,,,,,,,,,,,,,,,,,,,,,,,,,,,,
1993-12-31,241.59,234.9875,243.4725,227.7,227.36,221.01,224.4425,221.865,,219.5825,226.80333333333334,221.0575,235.15,223.9075,,237.06333333333333,233.90666666666667,211.57,200.085,203.05,198.72,216.2475,196.82,203.985,218.8025,186.8375,221.70333333333332,219.35,208.365,,,,,,,,,,,,,,,,,,,,,,,,,,,,,,,,,,,,,,,,,,,,,,,,,,,,,,,,,,,,,,,,,
1994-12-31,242.4325,235.7425,240.44,228.36,225.58,220.87,224.7225,222.2725,222.19,220.1325,226.905,220.6175,235.2775,224.4925,,236.3675,232.75,211.405,198.9275,203.225,202.11,217.1425,,205.21,219.255,185.9475,222.195,218.7925,205.885,,,,,,,,,,,,,,,,,,,,,,,,,,,,,,,,,,,,,,,,,,,,,,,,,,,,,,,,,,,,,,,,,
1995-12-31,242.225,235.28,241.33,228.3125,228.24,,224.8425,,222.76333333333332,220.2175,226.84,218.69,235.195,224.3475,,236.53,232.3975,211.735,200.19,203.4925,,216.52,,205.2425,218.8975,185.8625,222.0825,220.88,208.7125,,,,,,,,,,,,,,,,,,,,,,,,,,,,,,,,,,,,,,,,,,,,,,,,,,,,,,,,,,,,,,,,,
1996-12-31,242.075,235.4825,242.795,228.49666666666667,227.54666666666668,,225.82,,222.84,220.45666666666668,227.00666666666666,220.09,235.2,224.94,,236.78,233.40333333333334,211.54666666666668,199.75,203.96,,216.47666666666666,,205.3375,220.395,185.5875,221.73,220.945,209.615,,,,,,,,,,,,,,,,,,,,,,,,,,,,,,,,,,,,,,,,,,,,,,,,,,,,,,,,,,,,,,,,,
1997-12-31,242.6575,235.3475,243.495,230.1475,227.905,,226.6575,,223.07333333333332,220.07333333333332,227.2275,216.99,234.78333333333333,224.35,,237.045,233.705,212.2325,199.5125,204.03666666666666,,216.0375,,206.6125,220.62,185.61666666666667,,217.96,210.375,,,,,,,,,,,,,,,,,,,,,,,,,,,,,,,,,,,,,,,,,,,,,,,,,,,,,,,,,,,,,,,,,
1998-12-31,242.2925,235.17333333333335,245.345,232.0075,229.98,,227.445,,222.575,220.4775,228.56333333333333,220.42000000000002,235.235,223.7625,,237.3775,233.64,213.965,199.5475,204.9725,,216.225,,207.1825,221.865,185.97,,,209.325,,265.74,,268.5,250.55,252.4,,259.74,253.49,253.69,,276.5,282.98,260.87,,219.21,226.015,,,243.945,241.0,,239.78,223.125,,,239.685,245.24,,235.465,227.595,,244.635,251.235,245.98,255.805,250.335,,,231.885,,202.97,201.59,,,230.65,227.29,211.885,209.92000000000002,211.61,216.235,208.66,210.595,222.97,,,215.04,206.995,205.74,,208.465,220.825,206.275,208.43,212.35
1999-12-31,242.535,234.095,244.7725,231.91,,,225.575,,221.9225,220.08,227.8575,220.8375,234.985,224.1325,,236.835,233.265,213.8175,198.8225,204.9,,216.17,,206.6575,221.65,186.4875,,,210.0525,,266.475,262.98,268.95,251.95,253.23,254.28,261.055,254.7,255.04,,280.025,281.6,260.8,,219.5,227.39,245.015,244.2,242.63,240.48,238.35,239.045,223.09,218.31,219.3,238.73,243.845,249.225,234.81,226.955,,244.065,250.98,245.38,255.34,249.78,231.47,,231.92,233.005,203.275,201.225,,,231.725,227.99,212.16,210.39,212.62,,209.25,210.17000000000002,226.65,,208.65,214.845,207.585,206.49,206.39,208.91,219.04,206.585,208.335,214.61
2000-12-31,242.2725,235.135,244.2425,231.275,,,225.345,,221.19333333333333,219.74,226.945,220.33,234.9525,223.73,,236.795,232.905,213.38,197.995,204.605,,215.685,,205.5975,221.15,186.7125,,,208.89666666666668,,264.73,262.715,267.775,250.4,252.855,254.315,259.83,253.84,254.545,,279.785,281.9,261.07,,220.47,226.35,243.35,243.54,241.62,239.765,237.575,238.1,222.91,218.645,218.78,238.255,243.445,248.39,234.505,226.82,,243.805,250.98,245.22,255.785,250.005,231.85,230.65,231.68,232.53,202.855,201.275,,,231.6,227.965,211.935,210.05,212.79500000000002,,209.35,209.945,226.775,201.87,208.13,214.775,207.75,,206.135,207.685,217.185,206.925,207.66,214.1
2001-12-31,242.47,234.77666666666667,244.12,229.58333333333334,,,225.01333333333332,,221.16333333333333,219.98333333333332,226.7,218.62666666666667,234.94333333333333,,,236.62666666666667,232.72,212.89333333333335,197.60666666666665,204.09,,215.49,,204.19333333333333,219.52333333333334,185.33,,,207.63333333333333,,263.99,263.9,268.145,250.515,252.58,254.615,260.52,253.17,253.58,,279.76,282.275,260.97,,221.07,226.15,243.725,243.375,240.91,239.32,237.415,,223.02,219.88,218.355,239.76,243.335,249.255,234.63,226.695,,,250.625,245.115,256.275,250.43,231.17,231.595,230.975,232.0,202.54,200.785,,,230.1,227.29,212.21,209.73,210.81,,208.0,208.72,223.95,,207.97,215.045,207.235,,205.63,207.55,216.9,206.465,,213.9
2002-12-31,242.105,234.48,241.865,229.26,,,224.32333333333332,,220.7625,219.335,226.535,219.95,234.4125,,,236.4525,232.8175,211.8675,196.28,,,214.9575,,202.05,218.635,184.7975,,,207.02,,264.7,,,250.8,252.82,254.95,260.14,253.26,253.945,,279.01,281.85,260.22,,219.2,224.25,242.65,243.215,240.815,239.11,236.975,,221.77,,218.09,239.885,242.99,249.0,233.97,225.84,,,250.845,245.155,254.68,248.92,230.845,230.61,230.645,231.925,202.655,201.05,,,230.375,226.35,211.035,208.845,207.72,,206.7,205.87,223.685,201.5,206.06,213.665,207.05,,205.125,205.55,215.725,205.845,,213.325
2003-12-31,242.16333333333333,,241.57666666666665,229.57,,,224.8475,,221.4875,219.82,227.355,219.755,234.695,,,236.5025,233.32,212.31333333333333,196.2925,,200.55,215.3975,,203.68666666666667,219.06,184.95666666666668,,,,,262.01,,268.5,250.235,252.485,252.18,259.635,252.43,253.515,,278.81,281.74,,,218.68,222.45,241.91,242.95,240.78,238.605,237.09,236.695,221.605,,,238.02,242.865,248.825,234.17,226.38,,,250.72,245.505,253.59,,230.64,230.825,232.6,231.89,201.51,201.875,,,230.295,,210.66,207.91,208.37,,206.54,206.815,223.525,201.06,,214.2,,,205.145,204.69,,205.73,,212.92
2004-12-31,,,,229.4575,,,224.6875,,220.49,219.6775,227.0325,,235.34,,,236.68333333333334,232.7075,212.8325,195.3875,,,215.53,,203.34666666666666,219.16,184.32,,,,208.87666666666667,,,,250.4,252.515,252.56,258.43,252.495,253.82,,278.74,,,,217.88,,241.555,242.65,240.36,238.04,236.52,236.63,221.52,,,238.62,242.69,248.36,233.54,225.855,,,250.71,244.86,253.41,,230.04,230.46,,231.83,201.71,200.965,,,231.05,,210.0,208.365,207.95499999999998,211.9,206.395,206.405,222.445,200.55,205.24,213.75,,,204.5,203.775,,205.3,,
2005-12-31,234.8,,239.5,226.7675,,213.4,224.545,,221.3875,219.4425,226.585,212.89,234.515,,,236.17285714285714,232.19666666666666,210.47,193.64,201.95,199.005,215.83,,202.8925,217.61333333333334,183.93,,,204.58,207.82,260.41,,,249.725,252.52,251.025,257.07,250.885,252.265,257.5,279.26,,,,217.2,,240.66,241.91,239.63,237.59,236.13,236.205,,215.395,216.385,238.49,242.81,248.18,233.5,225.66,235.21,,250.175,245.755,253.305,,228.865,229.565,,231.155,200.22,200.71,219.45,213.11,231.515,,210.155,207.29,206.945,211.56,,205.405,221.985,200.975,204.495,214.47,,203.12,205.425,202.99,,205.995,,213.815
2006-12-31,,,,227.575,,,224.55,,221.595,218.93333333333334,226.795,,234.2575,,,236.23,233.295,,191.0,,199.1,216.5525,,202.54,218.77,,,,,206.63,260.71,,,249.7,252.68,250.84,259.61,249.475,253.83,256.59,279.29,,,260.17,215.14,,240.495,241.81,239.715,236.72,236.255,236.18,,214.42000000000002,215.775,238.425,242.785,247.98,233.7,225.285,235.085,,250.55,245.25,253.07,,228.475,229.73,,231.275,198.535,200.56,218.41,212.34,231.255,,209.36,205.34,204.45,210.93,,201.805,221.69,199.84,203.96,214.16,,202.585,204.94,202.235,,205.45,,213.56
2007-12-31,,,,227.1125,,,223.8075,,221.775,215.875,226.455,,234.3625,,,235.975,230.2175,,,,198.54,216.61,,201.92666666666668,216.745,,,,,205.145,260.46,,,250.36,253.35,251.03,,250.0,252.71,256.23,281.2,,,259.81,214.66,220.02,239.03,241.05,238.45,236.0,235.03,235.18,217.1,223.13,222.89,239.585,243.565,246.705,234.14,226.22,231.375,237.01,244.52,234.22,248.57,234.35,223.825,224.335,218.39,223.13,197.395,200.43,218.26,211.635,230.525,,208.945,204.555,202.845,210.36,201.555,201.055,221.245,199.34,203.285,213.75,,201.95499999999998,204.825,200.505,207.335,205.315,200.4,213.18
2008-12-31,,,,226.43,,,224.0425,,221.75,212.95,226.1,,234.4525,,,236.28333333333333,229.43,,,,199.1625,217.1275,,199.43,,,,,,205.0,257.56,,265.44,248.15,236.95,,,251.69,252.79,,,,242.69,247.605,228.095,,,244.74,,,,,,235.025,232.445,240.565,245.22,246.9,235.65,227.815,228.32,235.86,238.05,233.48,243.81,233.125,218.62,220.665,218.355,216.91,195.35,200.435,,,229.9,,207.85,202.55,202.75,209.55,200.0,200.75,220.45,198.8,202.3,212.0,201.1,200.45,206.55,,206.35,204.6,197.7,205.5
2009-12-31,,,,226.1025,,,223.605,,221.2725,,,,234.495,,,236.0725,,,,,198.8375,,,,,,,,,201.0025,257.695,256.05,262.865,250.085,246.15,248.87,256.73,250.83,252.2,253.5,277.9,277.85,248.555,252.6,220.735,217.78,238.7,241.985,237.33,235.3,233.88,,213.2,223.06,222.27,238.98,241.58,246.0,236.35,226.09,231.35,238.585,243.65,232.82,243.15,233.23,222.225,223.875,217.87,224.565,193.70499999999998,200.06,216.625,210.065,229.825,,206.465,200.73,201.07,208.925,200.825,200.02,218.785,198.485,200.895,210.94,200.01,198.8,206.4,,203.425,202.27,194.625,204.59
2010-12-31,,,,225.3025,,,223.3275,,220.7675,,,,234.8075,,,235.57,,,,,,,,,,,,,,198.46333333333334,257.765,256.125,259.655,249.665,252.8,248.665,256.95,248.99,251.245,253.77,280.125,278.345,256.31,258.84,213.695,217.245,237.565,239.425,236.955,234.44,233.155,234.495,211.24,210.26,212.92000000000002,237.26,241.575,245.35,,224.04,232.35,240.095,248.72,,,247.0,225.26,224.495,,228.675,,201.245,216.685,210.35,230.25,,206.08,200.19,200.335,208.84,196.845,199.03,218.635,197.46,200.96,210.47,198.05,198.43,206.415,,201.665,201.85,193.745,202.855
2011-12-31,,,,224.435,,,223.665,,221.64666666666668,,,,234.89666666666668,,,235.555,,,,,,,,,,,,,,198.945,259.23,257.79,261.39,251.34,253.84,249.14,258.15,250.1,251.515,255.27,280.005,279.51,256.685,259.06,,217.95,238.0,238.735,237.555,235.35,233.555,234.81,211.8,208.0,206.8,,241.615,247.1,,223.96,,239.905,249.36,,,247.035,226.065,226.82,229.455,229.525,194.23,201.455,217.865,210.73,230.18,218.39,206.325,201.125,200.985,208.275,,198.57,219.385,200.37,,211.8,200.06,197.52,,,203.375,204.175,195.515,204.91
2012-12-31,240.15,,,224.475,,,223.34,,220.44,,,,234.1,,,234.8475,,,,,,,,,,,,,,199.57999999999998,259.215,257.445,261.35,250.365,253.33,248.59,258.035,250.0,251.825,255.755,278.995,279.04,257.035,259.195,,215.55,237.99,238.665,237.045,234.3,233.09,234.015,210.8,206.8,204.15,,241.325,246.55,,223.76,230.8,239.88,248.54,,,247.36,224.275,224.67000000000002,229.07,228.815,193.135,200.72,217.185,209.79,229.575,218.765,206.15,201.01,200.995,207.575,,198.445,219.46,196.73,,211.38,198.025,197.38,,,203.19,203.735,194.85,204.7
2013-12-31,242.97666666666666,231.6,,225.0325,,,224.0075,,220.59333333333333,,,,235.005,,,234.725,,,,,,,,,,,,,,199.21666666666667,258.86,256.87,261.29,249.765,253.44,248.42,257.25,249.875,251.35,253.575,279.7,279.03,256.735,259.03,,214.815,239.075,239.485,237.88,235.065,233.955,234.92,210.725,206.855,210.635,,241.75,247.3,,224.25,230.885,239.765,248.66,,,247.18,225.725,226.72,228.6,230.135,193.05,200.62,216.54,209.85,229.49,219.6,206.06,200.47,200.78,208.73,,198.495,219.096,196.2,,210.275,198.55,196.535,,,203.3,203.225,193.65,204.335
2014-12-31,241.72,232.05,,224.69333333333333,,,223.6,,,,,,234.45,,,234.48,,,,,,,,,,,,,,200.29,260.67,258.72,263.885,250.19,254.075,249.665,257.625,250.89,253.69,256.165,280.925,281.395,258.475,261.165,,214.46,240.075,240.61,,233.72,232.025,233.35,210.41,208.94,,,242.64,,,223.88,230.6,239.445,,,,245.985,224.1,223.85,224.37,226.4,190.925,,216.55,209.125,228.76,218.275,206.25,199.875,200.585,208.175,,198.07,218.67,195.405,,210.125,197.1,195.72,,,202.425,203.175,193.625,202.585
2015-12-31,240.43,230.88666666666666,,224.0,,,222.44666666666666,,,,,,234.48333333333332,,,233.35,,,,,,,,,,,,,,,260.315,258.5,262.25,,,,258.5,251.69,250.92,254.97,280.54,281.635,257.36,259.9,,214.39,239.615,239.295,,,231.05,232.79,209.82,,207.305,,242.2,,,225.015,229.705,238.56,,,,244.96,223.125,,220.76,223.465,,199.43,216.57,209.36,228.4935,217.0,206.275,202.025,201.8785,209.45,,197.935,219.495,195.35,,210.75,200.9,197.445,205.45,,201.375,203.175,194.425,202.71
