,Hindon river,other rivers,Ganga,Yamuna,southern boundary,net recharge,storage change
1800-12-31,-822849084.901745,-1172633979.9920847,-335903593.6759735,-661797038.5464456,68820028.04852498,2929713831.1654153,-5315663.186515817
1801-12-31,-823161566.6932232,-1173185344.6408355,-335909017.1209432,-661849711.2641292,68820493.86608016,2929920247.9148707,-4558269.28041352
1802-12-31,-823353270.1307425,-1173578317.127588,-335919489.37527776,-661900352.1104773,68818683.94302547,2930125935.985456,-4152669.1712620044
1803-12-31,-823498966.7750196,-1173887068.1229022,-335933021.4845492,-661949542.7500516,68815210.98159522,2930330889.407564,-3838522.869671931
1804-12-31,-823625214.5200965,-1174146471.0908198,-335948326.9818305,-661995503.8085072,68810580.0082823,2930536140.0690126,-3606652.5634794286
1805-12-31,-823733021.9895085,-1174368271.795796,-335964705.90102804,-662037221.714988,68805179.77621132,2930739532.6587515,-3403638.4837557925
1806-12-31,-823832265.2598813,-1174566647.613532,-335981833.25549406,-662074967.9345808,68799230.89473298,2930942267.775917,-3244380.693214563
1807-12-31,-823931271.0204899,-1174752231.7935545,-335999500.9486362,-662109387.4427929,68792912.40272674,2931144276.296102,-3123350.4586668885
1808-12-31,-824022645.7964349,-1174922144.17861,-336017620.64850175,-662140870.6670573,68786322.6676526,2931346577.151405,-2998109.019198474
1809-12-31,-824112051.91743,-1175082700.1199358,-336036079.42836636,-662169918.2593117,68779534.7134071,2931547018.769549,-2895252.644169952
1810-12-31,-824206537.9009229,-1175243907.2299469,-336055358.366413,-662198285.1550307,68772146.24971038,2931794437.6318736,-2840381.3939716793
1811-12-31,-824319174.306599,-1175420619.4163752,-336076680.14933926,-662229727.8323048,68763219.74049684,2932174856.3058815,-2873119.8679430303
1812-12-31,-824437757.9722484,-1175600373.3583062,-336099406.6355831,-662262718.6794496,68753476.68301155,2932556449.627506,-2887047.6047396744
1813-12-31,-824562943.8100587,-1175781793.518003,-336123235.45202327,-662296886.1991833,68743158.06110078,2932936585.5892215,-2896140.233269903
1814-12-31,-824689412.6229488,-1175961355.038723,-336148021.1883065,-662331791.2464484,68732469.0741784,2933316458.121688,-2888116.5812519384
1815-12-31,-824822089.5078994,-1176142970.2522736,-336173620.6256918,-662367472.0004824,68721417.85677475,2933696139.989984,-2892938.8697471344
1816-12-31,-824954662.5230693,-1176321746.936109,-336199986.65352356,-662403664.5942376,68710126.09861204,2934076998.638271,-2877227.002022448
1817-12-31,-825091898.5751026,-1176501960.9014559,-336226988.4231226,-662440392.2800231,68698609.42174268,2934456393.414238,-2875205.8987412006
1818-12-31,-825230259.7609203,-1176680695.7518158,-336254586.7948577,-662477533.964868,68686943.40090623,2934835524.507089,-2861727.4618237163
1819-12-31,-825369834.0594207,-1176858061.9050105,-336282727.4162532,-662515027.3706928,68675146.8512032,2935214457.9156866,-2845614.1928572482
1820-12-31,-825504655.5542176,-1177027013.186301,-336310792.2740925,-662551506.2429286,68663693.47624257,2935543666.79706,-2795984.803667611
1821-12-31,-825606526.058242,-1177156292.6542664,-336336255.72058576,-662579217.769858,68654428.02853312,2935618308.1964397,-2579262.6583606508
1822-12-31,-825694199.4962088,-1177267646.2248049,-336360110.64680266,-662601468.4228069,68646244.89643347,2935691531.4279265,-2398894.0866154283
1823-12-31,-825772142.4697279,-1177367528.9489863,-336382704.7574569,-662619551.0466697,68638748.69558156,2935762920.650796,-2246427.8747860603
1824-12-31,-825842840.9548652,-1177458915.4198601,-336404247.3814119,-662634285.8619024,68631733.34061228,2935833488.9538293,-2113298.3841124657
1825-12-31,-825907376.6065222,-1177543576.7673447,-336424845.0513794,-662646173.8463674,68625086.93405071,2935900778.0613394,-1995283.9478651553
1826-12-31,-825967191.1718198,-1177622428.591358,-336444622.20343655,-662655704.295273,68618736.01721175,2935966644.815612,-1887660.7102666306
1827-12-31,-826022995.1486136,-1177696190.6853352,-336463675.0216224,-662663236.2375132,68612634.78327262,2936030671.73,-1788767.2497537031
1828-12-31,-826074920.7965312,-1177766197.5968845,-336482061.8243019,-662669041.0916595,68606701.39826804,2936093868.3350835,-1702384.1811950484
1829-12-31,-826124077.7213864,-1177832015.4418838,-336499852.2329467,-662673296.0035238,68600969.42500421,2936153770.866233,-1618329.4626391276
1830-12-31,-839274949.006813,-1190724891.605679,-336516573.87627816,-665638608.079767,68595767.17189762,3041567069.2342277,-75348230.00670709
1831-12-31,-847067430.1507027,-1196452451.1458495,-336534069.46268904,-668246861.3504053,68589936.95529938,3041738726.2544646,-61341028.39112514
1832-12-31,-852271680.3287379,-1199378332.5498393,-336552099.11872596,-670776878.8020887,68583837.54059501,3041911336.638578,-51117465.425086506
1833-12-31,-856028860.0531088,-1201054874.844091,-336570556.5504249,-673119674.8267107,68577590.8014687,3042083727.7824793,-43598762.80014904
1834-12-31,-858904253.3600576,-1202137868.6403635,-336589372.74801064,-675244391.5941604,68571250.84888244,3042256189.086885,-37722789.17695891
1835-12-31,-861199790.7603804,-1202905150.0322673,-336608491.77202284,-677143973.2060187,68564846.65797427,3042428899.6974015,-32945140.812017366
1836-12-31,-863094084.3774189,-1203487793.065417,-336627871.89279705,-678828244.8593409,68558389.84389994,3042602700.8545804,-28961344.562807262
1837-12-31,-864692778.5157213,-1203953746.3676174,-336647461.92947805,-680316915.3368987,68551900.56216219,3042776126.1267896,-25578829.74985994
1838-12-31,-866058688.2044681,-1204337651.1162398,-336667222.73872185,-681629557.5821725,68545387.33012657,3042949714.8918333,-22675950.89972611
1839-12-31,-867242482.0462233,-1204663753.8017764,-336687125.1602823,-682786044.534554,68538854.34251001,3043123497.565522,-20175527.538188223
1840-12-31,-868283836.7169187,-1204957389.3575845,-336708139.74542916,-683807085.0501051,68531486.81029537,3043384100.7219954,-18057165.184296533
1841-12-31,-869174442.0975834,-1205188903.679082,-336727460.80260074,-684697790.207999,68525144.397099,3043387209.0925426,-16043083.67534479
1842-12-31,-869947001.2689452,-1205377984.1662526,-336745482.14714795,-685476674.4922652,68519287.43358696,3043387907.6089964,-14283870.600275502
1843-12-31,-870626826.3950125,-1205538201.031829,-336762368.79958177,-686158771.0310136,68513752.17356008,3043385307.693952,-12751565.97576004
1844-12-31,-871222443.8708748,-1205672200.8187995,-336778260.4205799,-686756691.1275208,68508446.06853628,3043380735.4048185,-11399100.290224146
1845-12-31,-871750041.9584405,-1205788272.3432186,-336793244.9266474,-687280998.677381,68503347.18613192,3043370634.487475,-10212432.338586407
1846-12-31,-872215769.8629918,-1205886810.1232164,-336807435.8319535,-687741564.6198776,68498414.49959685,3043358091.696976,-9159636.917617036
1847-12-31,-872628387.1618237,-1205972723.7214987,-336820923.4969402,-688145893.4710202,68493621.61525774,3043342253.958328,-8232032.916571821
1848-12-31,-872994721.1407251,-1206046655.8942702,-336833800.67743003,-688501377.1363343,68488949.25957502,3043324326.0121493,-7404281.463952799
1849-12-31,-873318821.938726,-1206110523.4293308,-336846111.04586965,-688813438.7971152,68484404.58956882,3043300857.5972843,-6668089.197376433
1850-12-31,-873613611.5681523,-1206173516.036267,-336858506.7589157,-689089005.1802019,68479476.49052894,3043326513.8997536,-6046649.272047139
1851-12-31,-873905947.6268915,-1206263399.650917,-336873187.76832455,-689338858.2533004,68472613.61459568,3043567045.243624,-5625466.234312274
1852-12-31,-874182971.8486767,-1206361874.7337677,-336889294.68906975,-689564115.7458234,68464708.07680014,3043806923.3443494,-5244155.490243461
1853-12-31,-874443913.8099176,-1206464133.071302,-336906469.34374815,-689766775.5524547,68456227.48188803,3044042328.903526,-4889365.408329026
1854-12-31,-883291595.8779562,-1219572141.421998,-338044315.2675439,-689950495.634946,66446465.78404002,3202309524.430411,-136733511.62812513
1855-12-31,-890563500.5026705,-1228588844.1900082,-338956845.1034117,-690117151.5263441,65405954.33391753,3202540748.904669,-118946191.32307474
1856-12-31,-896938986.7289164,-1235726868.8864403,-339844935.55588853,-690268090.9845456,64679435.1704073,3202771262.113277,-104020158.10925832
1857-12-31,-902492665.6925501,-1241549353.8621128,-340725006.03928506,-690404558.283022,64116008.92137358,3202997238.178801,-91385607.79985785
1858-12-31,-907293070.9140675,-1246421428.3010323,-341588365.64606476,-690527919.6778138,63659015.745054044,3203221320.690671,-80565764.76115601
1859-12-31,-911414968.281367,-1250568462.8073623,-342425997.60449475,-690639464.2055607,63278873.344832316,3203442891.3053184,-71246905.09141335
1860-12-31,-914942300.5579362,-1254130060.6584485,-343230977.945845,-690739460.0372342,62958206.42824533,3203627209.180363,-63168683.92226001
1861-12-31,-917966032.6259468,-1257244835.0059745,-343997161.4538654,-690827150.1612997,62685514.19031728,3203742046.358455,-56059580.81278761
1862-12-31,-920580777.0057329,-1259984906.8296602,-344721123.3850388,-690904592.0399046,62451443.79726856,3203854868.5302725,-49812844.52417724
1863-12-31,-922851853.3745952,-1262405539.078081,-345401824.40831167,-690973066.4798094,62248946.43170532,3203965101.304259,-44318090.182950005
1864-12-31,-924827395.4264991,-1264539838.1470945,-346038153.5241092,-691033628.8071098,62072489.726186,3204073879.463811,-39471537.07756727
1865-12-31,-926554159.6989144,-1266430101.1156108,-346630303.1275002,-691087018.3992139,61918427.210173376,3204178036.394659,-35182849.97873695
1866-12-31,-928065291.5174931,-1268098253.632642,-347179512.2257233,-691134000.5533091,61783300.23614537,3204279938.51319,-31398591.919402838
1867-12-31,-929391300.2052684,-1269572906.1523857,-347687498.23591423,-691175171.7465575,61665076.557433635,3204378937.241595,-28050965.147155892
1868-12-31,-930556167.2388648,-1270876701.229321,-348156477.3951719,-691211104.6685638,61561863.72631745,3204476454.4597197,-25088046.810740605
1869-12-31,-931581548.3796921,-1272035851.691452,-348588726.5127124,-691242173.7700802,61471715.740625665,3204568872.175851,-22458478.8969821
1870-12-31,-932495126.9997594,-1273076920.8703823,-348987236.1110409,-691270668.8111907,61392169.05218985,3204727454.601197,-20168242.124319293
1871-12-31,-933349310.8729855,-1274059913.3661747,-349357740.1277735,-691306541.3542154,61319114.918976724,3205199146.8845844,-18328751.134262845
1872-12-31,-934132463.301146,-1274965573.3552623,-349700757.2215413,-691345955.5836245,61252954.47301067,3205671064.6489816,-16671981.502073606
1873-12-31,-934849558.9419249,-1275794830.0665412,-350017847.6769708,-691387339.9443762,61192994.22747939,3206139275.278,-15186152.949491164
1874-12-31,-935506534.5359304,-1276557690.8402069,-350310972.79518354,-691429864.4620697,61138604.49436864,3206605632.5130596,-13848797.939690756
1875-12-31,-936109923.622609,-1277258243.607366,-350582102.75732917,-691472947.4524535,61089147.38815006,3207069956.2895656,-12654057.77263543
1876-12-31,-936665284.8873322,-1277902926.8618329,-350833108.9553366,-691516226.4634215,61043996.732800916,3207533983.700737,-11583032.033333749
1877-12-31,-937177837.8040705,-1278497564.6249602,-351065655.05219764,-691559357.9168049,61002614.29777003,3207993936.6997623,-10624205.745150566
1878-12-31,-937652598.9704572,-1279048916.1006806,-351281324.760316,-691602176.0385427,60964510.114935115,3208451384.072626,-9764292.877981413
1879-12-31,-938093505.1080374,-1279561307.564495,-351481568.5546008,-691644566.9110737,60929252.68728951,3208906321.950886,-8993420.769981965
1880-12-31,-938501366.062002,-1280035756.6090486,-351667539.9820198,-691685973.2435375,60896618.27990266,3209342912.6835318,-8290300.7418985935
1881-12-31,-938819117.6220112,-1280409980.2230763,-351836373.9882602,-691708662.867608,60869501.50520104,3209314721.3780727,-7366372.045107548
1882-12-31,-939085422.8461163,-1280727546.7361333,-351990542.43214744,-691719300.9172128,60845989.6909671,3209281301.6851406,-6567362.764193644
1883-12-31,-939312477.1081189,-1281001692.9771376,-352131604.66174924,-691720905.2594801,60825268.91064189,3209241248.376194,-5868087.794793457
1884-12-31,-939506526.0866442,-1281240778.104288,-352260834.9886798,-691715098.9808526,60806813.382494695,3209196153.0695863,-5252274.147932124
1885-12-31,-939673108.7195289,-1281449749.44283,-352379150.26971406,-691703238.7855754,60790272.44042739,3209140887.0112343,-4703896.8639676105
1886-12-31,-939814417.4017024,-1281632254.559994,-352487677.1509791,-691686018.8010421,60775368.1611644,3209079406.8602858,-4213095.1711762035
1887-12-31,-939936000.5478288,-1281791914.2376611,-352587138.5153213,-691664606.3767531,60761837.99804857,3209010254.738477,-3775899.2820736896
1888-12-31,-940037090.6542737,-1281931913.8102016,-352678347.76282865,-691639077.796703,60749535.72855836,3208934755.887472,-3383370.3149352474
1889-12-31,-940122789.9935504,-1282053443.8453968,-352761951.29685,-691610203.4723152,60738309.471501976,3208847813.480613,-3027761.619794017
1890-12-31,-940191510.3312584,-1282157773.7918477,-352838622.3983002,-691577892.6627525,60728122.326062,3208750906.572228,-2702547.11837639
1891-12-31,-940293975.9669373,-1282298608.852991,-352912340.08039826,-691555779.3719511,60716147.61692144,3209001008.1292315,-2635976.3689940046
1892-12-31,-940404155.7943407,-1282448760.9525073,-352982582.0759127,-691539289.7527355,60703658.94899318,3209245760.8448057,-2551828.2219725326
1893-12-31,-940515918.283291,-1282600266.1261344,-353049405.78045297,-691526398.2451167,60691049.613634825,3209480872.968999,-2457049.631750846
1894-12-31,-940626950.2772427,-1282750013.5874825,-353113017.07975525,-691515955.097157,60678504.18346527,3209708055.004002,-2358801.2149887253
1895-12-31,-940735212.1757044,-1282895268.8435035,-353173626.84189916,-691507126.6480719,60666109.30840328,3209926456.3830857,-2257470.948453303
1896-12-31,-940839521.1184883,-1283035485.3665621,-353231447.78895366,-691499343.7346356,60653871.2943035,3210137119.535694,-2158032.4715280104
1897-12-31,-940940212.9186974,-1283171474.4708972,-353286632.8133332,-691491970.0981114,60641931.849204995,3210335631.039564,-2063074.1556791398
1898-12-31,-941037470.9848,-1283302598.45421,-353339328.2491327,-691484647.6091014,60630311.93325184,3210523469.3219967,-1971856.4130411944
1899-12-31,-941128647.2679083,-1283425600.1304083,-353389702.91575384,-691477123.8317213,60618951.360771365,3210699563.4616065,-1876015.0695577809
1900-12-31,-941255998.3098949,-1283596365.66407,-353441719.0157457,-691477887.0192777,60604633.45138371,3211193291.504593,-1996235.3041483148
1901-12-31,-968082151.0928192,-1325466985.7760823,-357597245.2803867,-700437570.6246392,62152628.64554241,3438566350.227696,-145317755.19682354
1902-12-31,-855930330.5195549,-1182116758.8087966,-347104323.8026033,-667627408.0942261,66966340.06786561,2449705486.1137238,525169398.6297177
1903-12-31,-774035985.9370595,-1057247942.4811033,-330990396.46536034,-646712209.3361444,74246838.5300132,2022608806.6791468,705184763.6148971
1904-12-31,-914376135.8674984,-1272157758.1591427,-350883781.55677533,-672032429.4567858,61092177.51867091,3697608880.7685127,-537863530.3690045
1905-12-31,-658487223.6599075,-930377885.6390235,-317175526.6777762,-617484004.9945863,82595807.50079605,1042514259.0332239,1379186600.4529512
1906-12-31,-672770456.0081309,-976872952.748642,-317854221.56248647,-612500665.2417072,80563720.8357876,2134394661.178603,365802191.39866173
1907-12-31,-690935812.2781751,-980262709.1149238,-313035492.43607205,-616595529.5033516,79205467.64335507,2320584461.9175935,200557857.4621144
1908-12-31,-1076050146.6936977,-1482514746.1545458,-356113813.71517605,-709760534.6620274,50511760.94049669,5564728771.996416,-1960163111.3997493
1909-12-31,-1048115569.9498065,-1453486962.3247168,-361515837.9084645,-722499491.3481144,55241177.148191474,4119693769.5869884,-589141305.5260757
1910-12-31,-1091682249.4578335,-1502678529.9387388,-371792961.14049625,-730337888.5507586,54632404.50332631,4150705224.7037144,-504417801.3565335
1911-12-31,-829492806.481885,-1141961344.9238682,-343386125.2201579,-667874152.156471,66953330.700750805,1867768670.5788279,1023277945.2646323
1912-12-31,-1006926544.7693975,-1394838405.9658902,-362848960.0564643,-703970655.1130656,55065539.782646045,4098733952.587757,-667948828.5874716
1913-12-31,-689150517.963888,-949136167.4037561,-320684077.6573993,-633876905.105492,79638663.69223335,855381184.3272607,1631523455.7690706
1914-12-31,-1063821494.0463573,-1484726923.361012,-368465005.37701356,-711836390.1720589,53360021.68979069,5202104316.591375,-1594974994.1517513
1915-12-31,-834686274.3044636,-1169657242.4139898,-346227451.6086944,-667454959.5786594,67630650.04781342,2250834721.358568,679045670.3266985
1916-12-31,-962272590.20715,-1338636407.300257,-358370418.259394,-691026235.359707,58630441.83519234,3764887356.873501,-461484152.3725538
1917-12-31,-1310708817.5304072,-1806355848.2329173,-396912539.0115843,-779626890.8585317,34381781.27428529,5971264156.819507,-1679984389.4301512
1918-12-31,-860885106.4368647,-1137109998.48106,-348312962.44555366,-682673608.8989879,64307171.36481819,1402497165.571469,1517255838.0820231
1919-12-31,-1036226348.5790952,-1394244255.9089422,-365344453.7453842,-721475402.5381212,57185225.32451997,4034783015.0069532,-555053645.5714597
1920-12-31,-916542789.5148368,-1224549645.9058971,-351758435.10459816,-692007804.7201601,63912131.37649221,2617286869.3852577,491578590.5566993
1921-12-31,-976298070.405146,-1336135891.9247503,-361470533.9940145,-701562536.4150442,58721745.169870496,3533002943.624336,-209587146.0292215
1922-12-31,-1141376959.7691092,-1581416377.0047848,-384846826.2189224,-743387653.1422297,49228995.6970564,4682284870.637022,-863534186.4404706
1923-12-31,-1109606847.276201,-1491507585.8322508,-380234214.7234766,-748191369.6588135,52836588.6614304,3831106054.526673,-159186107.18466324
1924-12-31,-1265597349.4582121,-1726999144.2008755,-401611298.23509806,-783805153.6995709,36288759.23472349,4994905464.089342,-838142945.1238678
1925-12-31,-1176353387.3060668,-1569208787.9653707,-396588343.33096075,-765379916.268973,45386098.21123564,3816829293.961264,35959698.36973098
1926-12-31,-1282758430.4512205,-1686778540.0329285,-404292231.1613538,-794473895.2625782,40072904.48522848,4593411509.4814825,-454796700.70579773
1927-12-31,-1104937954.5430646,-1439842897.8857827,-389481186.1697346,-751338889.9198302,49352878.6080764,3107984360.349229,509589090.1091779
1928-12-31,-817650874.012231,-1070452599.1943923,-352340172.24882954,-680821793.3944474,71782163.22165756,1214113799.2620492,1612646363.123038
1929-12-31,-812301906.4953389,-1085824885.4628952,-345187887.9159856,-671029514.3682387,74936363.95115754,2255733087.5360355,584777238.7134143
1930-12-31,-883380091.3118066,-1200495319.7186131,-352513272.4510499,-679248209.4890207,67945182.3448284,3138552862.38875,-85306450.6692522
1931-12-31,-893321560.8265624,-1230029314.2645712,-354381273.66901636,-678333972.6605407,64390323.79827434,3095535295.80954,-3386287.232466951
1932-12-31,-839477489.7270613,-1166152388.485064,-347954667.51757216,-660212393.8977348,65753149.90050603,2595858432.10422,346896833.01093775
1933-12-31,-1124091090.4914823,-1554796088.070176,-380021456.87646306,-725307226.9507601,46021620.24206729,5040635604.919548,-1276917837.4893925
1934-12-31,-1070556108.076625,-1452515896.3735344,-375963573.2192699,-724160193.412922,50937623.87913208,3717295737.6687016,-150985004.05773982
1935-12-31,-977665767.3137599,-1330410231.2885227,-367181394.26533055,-704015887.3390442,57197698.94801701,3011886206.5057383,302185059.9658027
1936-12-31,-1071682278.263206,-1512003152.2803679,-385799642.16283774,-725600225.3452517,50747217.997879714,4144370628.055306,-488402860.0915395
1937-12-31,-862677688.9813358,-1204374955.3294864,-361279814.24243337,-679218256.7188749,67412651.72941053,2144419936.0561934,876545107.8232659
1938-12-31,-784669867.7917635,-1108192394.3230703,-348127289.8842602,-652091435.6994293,74029324.1189426,2069308317.3478138,744103057.8666247
1939-12-31,-652442676.2258971,-923525260.8075224,-323334952.11087507,-611771835.4766798,83408849.10413924,1182521969.9087994,1233843121.7162678
1940-12-31,-772277834.7844507,-1086436931.1455712,-332669190.7643903,-638873142.7498088,75232582.28052849,2986128622.386598,-223202378.41103053
1941-12-31,-622203931.8918631,-892200305.3613518,-309919321.4599297,-601252166.9391937,85769019.95049849,1301122560.8552618,1027269364.5003057
1942-12-31,-1046632326.4488602,-1477169426.4875772,-362935308.01395595,-697978141.9161315,53260308.98922592,5634728725.769365,-2070399524.9400308
1943-12-31,-888645709.4431571,-1256765458.6654084,-350745152.62017757,-669593036.1671648,62127571.212455645,2924961651.8711843,165410689.50316525
1944-12-31,-764656330.2682691,-1073442240.9509875,-331074729.1735947,-641540946.3835298,72738769.64513588,2001201424.7576025,726837278.3635399
1945-12-31,-1025329415.1674712,-1447122472.2414117,-362893658.3832129,-699288579.7633319,52946506.078553505,4698873515.539728,-1194187076.8869102
1946-12-31,-926882078.0968057,-1274499112.8433058,-350956680.24923813,-680576382.3005522,58699726.70583306,2990200515.4289923,173273855.7071135
1947-12-31,-1024929137.1249669,-1421044052.5422776,-364464181.3154259,-698330832.8546365,48687412.666896895,3980736424.375778,-511772869.72728145
1948-12-31,-1105661948.1921906,-1522506935.3367615,-376661418.3073263,-722027519.9455035,43848532.206474826,4259435455.469291,-568496049.3088369
1949-12-31,-1152204812.3008072,-1585743443.7089417,-388570957.9120406,-733046119.288056,39495726.387785494,4297029383.485886,-472605099.0253671
1950-12-31,-1319939507.8566878,-1789358638.1605408,-406610546.7346808,-786734444.0099828,32809307.525575206,5189259742.444895,-902167940.8322538
1951-12-31,-928892945.4891629,-1231806600.0816545,-369444236.75107914,-698694084.8419421,59146608.00169702,1807577004.1217937,1322974249.7332048
1952-12-31,-975678223.0386708,-1296646320.8317091,-368709638.38100344,-698282590.8639984,54892995.39358288,3144822639.3754315,144962849.74223986
1953-12-31,-1094247918.3281639,-1477291408.1557865,-382807917.1769051,-728462828.137697,53074378.84902817,4129377674.8819923,-485343140.53812134
1954-12-31,-1054365053.8120198,-1438753620.2705283,-382563020.705346,-724677240.098261,55627172.11279505,3579701666.424337,-38913244.148963384
1955-12-31,-1209460099.1346807,-1686097839.6916687,-405037578.70942587,-759838178.1176502,38791554.318363905,4810960614.045975,-773552053.2823368
1956-12-31,-1101349881.6776178,-1485670540.9540794,-392513022.3535104,-736925415.9138322,43005735.43578476,3456483656.9855165,202997656.42135453
1957-12-31,-1108395876.289619,-1504788240.833195,-392852567.76462424,-740335331.8324952,46064235.07790968,3741419302.2250023,-37754841.48622283
1958-12-31,-1391900115.1833806,-1888431383.8818207,-423989111.09064794,-803157524.0060354,24928440.078794807,5642460833.6561165,-1132315003.5578964
1959-12-31,-1172949391.9985123,-1555542001.2475827,-405575669.7327673,-765402426.8529679,42268941.44480449,3441558125.594765,391900351.7489897
1960-12-31,-1170580873.850772,-1542420764.3753548,-402871140.00033295,-756877243.6823477,42032542.25108023,3749493083.0156,81317484.8813669
1961-12-31,-1194590695.697776,-1583200580.265586,-403914319.7052324,-770143843.5477451,40226681.095962465,4033459058.512393,-118111408.15393971
1962-12-31,-1230352513.0198061,-1642764204.8834825,-410050824.54896265,-781372423.7404901,42326584.70928088,4224302414.062461,-196540616.0540904
1963-12-31,-1157941459.133641,-1546842821.0944402,-407477263.7513629,-751241850.7791843,41434945.659327745,3632748962.326696,179656448.5304028
1964-12-31,-1510626297.4476066,-2014475487.9200933,-441422577.7404152,-836964301.0240492,19489399.05464953,6033396810.107241,-1212196003.3438387
1965-12-31,-989557733.0991629,-1281436784.1399992,-394755288.6716447,-719129543.3164594,54217711.23736747,1615807604.849506,1659774962.0828843
1966-12-31,-963554586.4162543,-1268596484.7907128,-383700980.04171103,-703961733.8594725,58247110.32195543,2681153985.642943,581767506.0018992
1967-12-31,-1120702562.1313257,-1510154017.6219366,-398541827.92011267,-735320779.1253244,45518162.84141414,4238209762.519152,-503254163.2385004
1968-12-31,-966395084.9423031,-1296491090.888446,-381055060.7365597,-700018905.9685895,57174110.0589656,2630561465.532347,641498355.8334227
1969-12-31,-929959644.4806049,-1291798408.134179,-379969697.829745,-680921933.7545964,57812417.78066997,2876501591.0936184,346822871.4453301
1970-12-31,-855238129.299294,-1186360103.0454807,-366256736.2046067,-661587325.459121,64121684.38521662,2401964288.7183933,596505282.2112908
1971-12-31,-996356268.8525039,-1396752604.8203826,-380798493.9453287,-692909271.5231566,54615894.76254446,3918350524.2183456,-492799609.1620546
1972-12-31,-827337146.3551267,-1163582686.4258897,-362731885.20420504,-652240890.7155297,66859759.22347401,2147246762.4516153,776284021.5490081
1973-12-31,-809763144.4221716,-1128097836.3193707,-349790441.39305925,-649408385.1179285,68146791.41226563,2434858462.121299,432459438.98512506
1974-12-31,-601228194.2412044,-869644909.8765004,-321866599.8716077,-588768074.4587059,83228323.22000685,747020655.4868743,1535873291.9878519
1975-12-31,-787248679.4954122,-1142898228.1462212,-342785839.56027794,-630211735.6587406,66821695.12459536,3456240507.9049077,-607866796.839508
1976-12-31,-813118775.2199022,-1168880225.7958474,-344004150.685824,-640112912.2670182,67295503.61053246,3087205314.559691,-184906138.32595354
1977-12-31,-879755091.0739534,-1257220654.8735282,-350655850.38594264,-653957960.1586505,62372260.75351031,3467179031.116884,-383164179.08088124
1978-12-31,-879065198.496691,-1266381358.2155967,-352608406.9314487,-656840914.2348465,62493771.16467533,3241557873.3925138,-148130263.17424944
1979-12-31,-535871723.80805624,-805704490.2236478,-307975326.4520104,-566929470.1922789,88874567.6713269,28401231.23077172,2073538625.4589422
1980-12-31,-702982237.4247401,-1065799670.2118493,-329287930.9137661,-602020724.6398989,79828180.5357832,3077958919.0303197,-445835403.4888114
1981-12-31,-558455308.5320843,-879881397.9507736,-310198693.7558324,-565178611.279143,89684994.05299857,1309466930.0192378,904667962.1814113
1982-12-31,-563764580.9886731,-890325690.4926901,-306891479.2226853,-556875177.6022794,87522473.25871034,1835415759.4840727,393501024.9235511
1983-12-31,-553143871.8777078,-902971873.5202806,-307054808.3953586,-550235097.394358,85878628.55663806,1964202561.9307978,262363384.1988817
1984-12-31,-452022854.39861697,-764879110.8989037,-288426830.3859528,-527244120.0602098,96622581.628787,1070970511.2655563,859288782.0134996
1985-12-31,-605202647.3006587,-1010840534.2579073,-314956048.6350501,-560964348.6512532,83229898.16370967,3153120012.9104323,-734179949.4671197
1986-12-31,-392678860.14443463,-721395872.7345494,-285397058.3140081,-502311909.7602734,100144507.26641157,483561672.0922201,1304219995.940588
1987-12-31,-222067227.02270028,-499973499.5742312,-255478901.20702004,-440305237.76804495,112005404.84930792,-606945194.0260677,1902096444.457464
1988-12-31,-516796769.0944351,-927841091.9091407,-298308838.4221234,-519658883.0635426,92287199.48621453,3681330682.1835837,-1497279283.9608383
1989-12-31,-431406781.31722224,-820384788.1090851,-293095311.18045086,-499356959.36046064,97898225.68585017,1774326169.5658562,169938460.91159016
1990-12-31,-556562322.5626781,-990385942.9981339,-309044697.64341134,-527405801.5944366,84981515.47069634,3069797240.8150682,-762925931.6012951
1991-12-31,-360605223.6809411,-703931284.1997454,-281131383.61269414,-473406668.40313274,96279090.93391296,578132431.7236974,1130869485.4172938
1992-12-31,-250418927.87610292,-574323394.0697522,-261485790.373065,-442534027.1052862,106410538.2650002,222272552.00636125,1194257043.3493552
1993-12-31,-356728544.2440803,-755600360.9385871,-282404220.9961482,-455318084.3763358,94820480.8670294,2066868753.5504427,-308017146.4737553
1994-12-31,-482449649.89520603,-913019700.1402482,-301902815.2354807,-483789058.7498079,81915411.89577837,2986233675.0467334,-879491876.6208645
1995-12-31,-374615054.6901826,-769180673.289122,-287125411.6599338,-465692520.5536872,91306878.47262329,1420756516.6679983,380427967.3284834
1996-12-31,-402215337.16589403,-814337862.0483251,-288836493.23400086,-467755216.7585241,87323693.03978103,1928818878.0012202,-42196051.120715566
1997-12-31,-260740132.8543874,-612166730.9321917,-262860310.8395731,-431289857.70748436,100587979.63629164,345293945.3330864,1112817087.3271916
1998-12-31,-290366052.05078685,-682150149.6871849,-271535970.7926932,-425049298.7903826,96609284.75288966,1398057711.83811,174627632.5754085
1999-12-31,-68512939.18910521,-420012484.96058005,-241428632.71754092,-364235770.36437756,114089577.80323507,-797175513.1716932,1767668412.171276
2000-12-31,-111473572.95646866,-494174016.48858255,-245620556.29238987,-368844392.1414807,113162400.6344558,719120908.284595,387154142.2581322
2001-12-31,30939761.58741243,-302437751.06851673,-220156073.29435316,-325114142.6020764,125559598.36685681,-840255257.8256927,1524005714.3323739
2002-12-31,89176976.91752142,-250836063.13146394,-210301832.7399846,-296558818.4845076,128254936.76228866,-647235089.9997127,1182526764.2115831
2003-12-31,-87543392.61378078,-491228167.7732305,-235365200.09166408,-340303368.1586587,113398933.77512574,1734856313.753616,-689951986.8181975
2004-12-31,149432972.30166352,-157526344.3684832,-197528795.5705386,-272518531.9059261,129717328.54062045,-1549954989.5012898,1889314667.7577171
2005-12-31,150903059.69764695,-197907351.09809148,-196593077.1196526,-262779726.1393556,130455145.82968786,-406901127.9184437,779892726.0268345
2006-12-31,74280412.83356968,-320510604.90927565,-207986064.5122463,-284515175.078607,126833956.09479544,815160784.5100423,-201680025.72117054
2007-12-31,184973325.08470416,-164266330.87919492,-189138683.27442887,-244806516.19697872,132824890.81760794,-870822204.6454668,1145859689.3135648
2008-12-31,151551244.29558557,-215021687.05595386,-191153381.92242178,-255865062.0697677,132529817.13581023,171965161.13482702,205524204.45354098
2009-12-31,266297219.0477164,-86799338.90694265,-177009239.47518831,-209740292.6109941,136881752.18817112,-1143777603.8260386,1208983652.693247
2010-12-31,96984224.28328143,-322143976.00500876,-204129529.6228952,-250676318.02416733,120754840.54952636,1427558257.5697455,-864266919.5712539
2011-12-31,68740669.01490332,-370438047.73971844,-213410347.77735835,-262018716.98186713,117593319.64424123,1159000939.2481155,-497067773.08936286
2012-12-31,-37428208.23158121,-501247103.9049461,-232599633.7972441,-284928925.9874197,103727336.74668297,2008196739.6841557,-1050948099.8882079
2013-12-31,-34675072.8660261,-496198803.5225517,-232288022.98501152,-296217068.380211,107857196.20158172,1443051721.5646548,-489002056.6210875
2014-12-31,221535487.3952434,-162406437.10151544,-192945330.56232452,-220959815.05277437,128955443.04377493,-1616186991.7853506,1832924790.1689568
2015-12-31,189137853.8970353,-227007085.6226916,-196785102.11214718,-222862336.87291858,130113765.53553425,-21870169.912463427,348461343.582605
2016-12-31,167680309.14410546,-257295732.1268912,-200980921.62322727,-222117780.88316748,127658437.60992995,314347118.97650766,70712921.16809171
